{
    "Banks registered with ATM Bersama": "Banks registered with ATM Bersama",
    "Banks registered with Prima": "Banks registered with Prima",
    "Banks registered with Alto": "Banks registered with Alto",
    "Total 83 registered banks": "Total 83 registered banks",
    "Total 64 registered banks": "Total 64 registered banks",
    "Total 19 registered banks": "Total 19 registered banks",
    "Pay through ‘all bank ATMs with ATM Bersama logo’": "Pay through ‘all bank ATMs with ATM Bersama logo’",
    "Pay through ‘all bank ATMs with Prima logo’": "Pay through ‘all bank ATMs with Prima logo’",
    "Pay through ‘all bank ATMs with Alto logo’": "Pay through ‘all bank ATMs with Alto logo’",
    "Processing your payment": "Processing your payment",
    "Failed to open Instructions": "Failed to open instructions",
    "Calculating your Point": "Calculating your point",
    "Diskon Fiesta Point": "Fiestapoin Discount",
    "Loading": "Loading",
    "PIN cannot be empty": "PIN cannot be empty",
    "Card Number cannot be empty": "Card Number cannot be empty",
    "You will be redirected to BCA KlikPay page once you tap ‘Confirm Payment’ button": "You will be redirected to BCA KlikPay page once you tap ‘Confirm Payment’ button",
    "payment.failed": "Payment Failed",
    "payment.pending": "Payment Pending",
    "payment.deny":"Payment Denied",
    "message.payment.deny":"Transaction denied! Please try again or try another payment method.",
    "payment.pay-at": "Pay at %@",
    "clickpay.invalid-number": "Invalid Debit Number",
    "clickpay.invalid-token": "Invalid Clickpay Token",
    "name.other-bank": "Other ATM Network",
    "payment.how": "How can I pay via %@",
    "payment.klikbca.userid-note": "An invoice will be sent to your KlikBCA account once you confirm payment.",
    "payment.email-placeholder": "Email Address (optional)",
    "payment.email-note": "We will send you the payment code along with payment instructions to your email address.",
    "payment.klikbca.userid-warning": "KlikBCA User ID should not be empty.",
    "guide.header-subtitle": "Payment Instructions",
    "payment.list.title": "Select Payment",
    "payment.success": "Payment Successful",
    "Close": "Close",
    "KlikBCA User ID":"KlikBCA User ID",
    "payment.finish-button-title-via": "Complete payment via %@",
    "payment.finish-button-title": "Complete payment at %@",
    "Complete Payment at ATM": "Please complete payment",
    
    "payment.va.help-button-title": "How can I pay via %@ Bank Transfer?",
    "payment.va.confirm_button": "See account number",
    
    "toast.copy-text": "Copied to clipboard",
    
    "creditcard.input.title": "Card details",
    "creditcard.list.title": "Choose card",
    "creditcard.twoclick.title": "Pay With Credit Card",
    "creditcard.error.invalid-bin": "This card is not applicable for this transaction, please use another card",
    "creditcard.promo-message": "With this card, you will get %@ discount from %@",
    "creditcard.promo-title": "Congratulations",
    "creditcard.creditcard_number": "Credit Card Number",
    "creditcard.creditcard_valid_until": "Expiration date (MM/YY)",
    "creditcard.creditcard_cvv": "CVV",
    "creditcard.add.new.card": "Add new card",
    "creditcard.finish.payment": "Finish payment",
    "creditcard.Save card for later use": "Save card for later use",
    "creditcard.Redeem BNI Reward Point": "Redeem BNI Reward Points",
    "creditcard.Pay Without Mandiri Point": "Pay Without Mandiri Fiestapoin",
    "creditcard.Redeem MANDIRI Point": "Redeem Mandiri Fiestapoin",
    "creditcard.save card for later reuse": "Save card for later reuse",
    "creditcard.Mandiri Debit Card": "Mandiri Debit Card",
    "creditcard.Mandiri Debit Card placeholder": "Mandiri Debit Card Number",
    "va.list.title": "Select Bank",
    "va.pay-button": "See Account Number",
    
    "BNI Card": "BNI Card",
    "Processing your transaction": "Processing your transaction",
    
    "payment.telkomsel-cash.token-placeholder": "T-Cash Token",
    "payment.telkomsel-cash.token-note": "T-Cash payment must be completed through a registered Telkomsel phone number.",
    "payment.telkomsel-cash.header-title": "Telkomsel Cash",
    "payment.telkomsel-cash.warning": "Token should not be empty.",
    
    "payment.indosat-dompetku.token-placeholder": "Indosat Phone Number",
    "payment.indosat-dompetku.token-note": "This payment must use a phone number that registered with Indosat Dompetku.",
    "payment.indosat-dompetku.header-title": "Indosat Dompetku",
    "payment.indosat-dompetku.warning": "Phone number should not be empty.",
    
    "payment.kioson.note": "Kioson payment must be completed through a Kioson Outlet.",
    
    "kioson.pending.code-title": "Payment Code",
    "kioson.pending.howto-title": "How can I Pay via Kioson",
    "kioson.pending.copy-title": "Copy payment Code",
    
    "gci.placeholder": "Your gift card number",
    "Choose installment terms": "Choose installment terms",
    "installment-on-one-click": "Installment is required, unable to pay with one click card",
    "No Installment": "No Installment",
    "month.installments": "%@ Month installment",
    "what is cvv?": "what is cvv?",
    "The CVV is a 3 (or 6) digit number security code printed on the back of your card": "The CVV is a 3 (or 6) digit number security code printed on the back of your card",
    "redeem bni reward point": "Redeem BNI Reward Points",
    "redeem mandiri reward point": "Redeem Mandiri Fiestapoin",
    "You can pay partly through the redemption of Mandiri Fiestpoin through your Mandiri credit / debit card":"You can pay partly through the redemption of Mandiri Fiestpoin through your Mandiri credit / debit card",
    "you can pay partly through the redemption of BNI Reward Point through your credit card": "you can pay partly through the redemption of BNI Reward Point through your credit card.",
    "This transaction must use installment": "This transaction must use installment",
    "Your total BNI Reward Points is %i": "Current BNI Reward Points %i",
    "Current fiesta point %i": "Current Fiestapoin %i",
    "alert.title": "Warning",
    "alert.message-delete-card": "Are you sure to delete this card?",
    "alert.no": "No",
    "alert.yes": "Yes",
    "alert.invalid-payment-token": "Payment token is invalid, please checkout again.",
    
    "Delete Saved Card": "Delete this card.",
    "Thank you!": "Thank you!",
    "Ouch!": "Ouch!",
    "Your payment can't be processed": "Your payment can't be processed.",
    "Your payment has been processed": "Your payment has been processed.",
    "Please complete payment to proceed": "Please complete payment to proceed.",
    "Loading payment list": "Loading payment list",
    "Pay from ATM Bersama, Prima or Alto": "Pay from ATM Bersama, Prima, or Alto.",
    "Credit/Debit Card": "Credit/Debit Card",
    "Pay With": "Pay with",
    "total.amount": "Total amount",
    "%@ step by step": "%@ step by step",
    "SMS Charges may be applied for this payment method": "SMS charges may be applied for this payment method.",
    "Key token device is required for this payment method": "Key token device is required for this payment method.",
    "confirm.payment": "Confirm payment",
    "Please complete payment before: %@": "Please complete payment before:",
    "download.instruction": "Download instruction",
    "install.gojek": "Install Gojek app from App Store",
    "Pay Now with GoPay":"Pay Now with ",
    "Pay using GoPay": "Pay using GoPay",
    "Pay with GoPay": "Pay with GoPay",
    "Pay with ShopeePay": "Pay with ShopeePay",
    "Pay with qrisshopeepay": "Pay with ShopeePay/other e-Wallets",
    "Please complete your ‘GoPay‘ payment via ‘Gojek‘ app": "Make sure you have Gojek app installed on your phone and have GoPay balance more than Rp 10.000.",
    "Please complete your ‘ShopeePay‘ payment via ‘Shopee‘ app": "Make sure you have Shopee app installed on your phone and have GoPay balance more than Rp 10.000.",
    "Bank Code":"Bank Code",
    "Virtual Account Number":"Virtual Account Number",
    "Please complete your payment in":"Please complete your payment in:",
    "Time's Up":"Time's up",
    "bni.point.toptitle":"How many BNI Reward Points you want to redeem?",
    "bni.point.secondtitle":"AMOUNT TO PAY AFTER REDEEM",
    "BNI Points Terms & Conditions":"BNI Reward Points Terms & Conditions",
    "danamon.instructions.header1":"Danamon Online Banking must be completed through Danamon's website.",
    "danamon.instructions.header2":"Please make sure you have a User ID for Danamon Online Banking before going through the payment.",
    "error_200":"Transaction success.",
    "error_201":"Transaction is being processed.",
    "error_202":"Transaction is denied. Please try again or use another payment method.",
    "error_400":"Transaction cannot be processed. Please make sure you have entered the correct payment details.",
    "error_502":"We are having issues connecting to the payment provider. Please try again.",
    "error_406":"Order has been paid.",
    "error_407":"Your order are no longer available.",
    "error_500":"We are experiencing some unexpected system error. Please try again.",
    "error_others":"Transaction is unsuccesful. Please try again with another card or with a different payment method.",
    "An unknown error occurred.":"An unknown error occurred.",
    "The connection timed out.":"The connection timed out.",
    "The connection failed because the network connection was lost.":"The connection failed because the network connection was lost.",
    "The connection failed because the device is not connected to the internet.":"The connection failed because the device is not connected to the internet.",
    "The connection failed because a call is active.":"The connection failed because a call is active.",
    "The connection failed because data use is currently not allowed on the device.":"The connection failed because data use is currently not allowed on the device.",
    "Finish Payment":"Finish Payment",
    "Make sure payment has been completed within the Gojek app.":"Make sure payment has been completed within the Gojek app.",
    "Make sure the QR code successfully scanned and payment has been completed within the Gojek app.":"Make sure the QR code successfully scanned and payment has been completed within the Gojek app.",
    "Make sure payment has been completed within the Shopee app.":"Make sure payment has been completed within the Shopee app.",
    "Make sure the QR code successfully scanned and payment has been completed within the Shopee app.":"Make sure the QR code successfully scanned and payment has been completed within the Shopee app.",
    "Make sure payment has been completed within the UOB app.":"Make sure payment has been completed within the UOB app.",
    "Pay with TMRW app":"Pay with TMRW app",
    "Pay with UOB Web":"Pay with UOB Personal Internet Banking",
    "Pay Now":"Pay Now",
}
